{"cameraMode":{"drawMode":0,"name":"Shaded","section":"Shading Mode"},"sceneLighting":false,"audioPlay":false,"sceneViewState":{"m_AlwaysRefresh":true,"showFog":true,"showSkybox":false,"showFlares":true,"showImageEffects":true,"showParticleSystems":true,"showVisualEffectGraphs":true,"m_FxEnabled":true},"in2DMode":false,"pivot":{"x":-12.656900405883789,"y":1.1627721786499024,"z":-1.2119174003601075},"rotation":{"x":-0.1600954681634903,"y":0.06214020773768425,"z":-0.010098938830196858,"w":-0.9850925803184509},"size":10.289101600646973,"orthographic":false}