{"cameraMode":{"drawMode":0,"name":"Shaded","section":"Shading Mode"},"sceneLighting":false,"audioPlay":false,"sceneViewState":{"m_AlwaysRefresh":true,"showFog":true,"showSkybox":false,"showFlares":true,"showImageEffects":true,"showParticleSystems":true,"showVisualEffectGraphs":true,"m_FxEnabled":true},"in2DMode":false,"pivot":{"x":0.7305936813354492,"y":-0.09866344928741455,"z":-0.016915082931518556},"rotation":{"x":-0.08119530975818634,"y":-0.024818148463964464,"z":0.002022260334342718,"w":-0.9963882565498352},"size":1.0496344566345215,"orthographic":false}